{
  "epoch": [
    1,
    2,
    3,
    4,
    5,
    6,
    7,
    8,
    9,
    10,
    11,
    12,
    13,
    14,
    15,
    16,
    17,
    18,
    19,
    20,
    21,
    22,
    23,
    24,
    25,
    26,
    27,
    28,
    29,
    30
  ],
  "train_loss": [
    1.1155492850204012,
    0.9893019724248061,
    0.7438361013113562,
    0.46923919266729214,
    0.2497406323899084,
    0.12387891169359434,
    0.07647236586729092,
    0.02346299834716231,
    0.008635206127177868,
    0.004109328682186888,
    0.002341583246059382,
    0.0014583725610803535,
    0.0009806359424811802,
    0.0007307406266414518,
    0.0005930697253502127,
    0.000505160221937738,
    0.00044372726627973035,
    0.0003985725655984967,
    0.0003646473177020619,
    0.00033799541459085227,
    0.00031635310082112566,
    0.000297522491605174,
    0.00028099308838136494,
    0.0002665586824747803,
    0.00025316652339716343,
    0.00024137672891756936,
    0.00023022723803817948,
    0.0002200257123461855,
    0.00021052673661476696,
    0.00020158800484139974
  ],
  "train_acc": [
    0.3283582089552239,
    0.5223880597014925,
    0.9253731343283582,
    1.0,
    1.0,
    1.0,
    1.0,
    1.0,
    1.0,
    1.0,
    1.0,
    1.0,
    1.0,
    1.0,
    1.0,
    1.0,
    1.0,
    1.0,
    1.0,
    1.0,
    1.0,
    1.0,
    1.0,
    1.0,
    1.0,
    1.0,
    1.0,
    1.0,
    1.0,
    1.0
  ],
  "val_loss": [
    1.075921893119812,
    0.8465685844421387,
    0.5858669877052307,
    0.34580036997795105,
    0.1531154066324234,
    0.14501403272151947,
    0.038572464138269424,
    0.01339555624872446,
    0.0055772727355360985,
    0.0030056131072342396,
    0.0018445980967953801,
    0.0012074876576662064,
    0.0009159616311080754,
    0.0007943036034703255,
    0.0007277291151694953,
    0.0006458209827542305,
    0.0005725270020775497,
    0.0005055079236626625,
    0.00045775558101013303,
    0.00042313389712944627,
    0.000396465155063197,
    0.0003762444539461285,
    0.0003612898290157318,
    0.0003485390334390104,
    0.00033612013794481754,
    0.00032268077484332025,
    0.000309556198772043,
    0.000297716585919261,
    0.0002879704406950623,
    0.00027889671036973596
  ],
  "val_acc": [
    0.35714285714285715,
    0.7142857142857143,
    1.0,
    1.0,
    1.0,
    1.0,
    1.0,
    1.0,
    1.0,
    1.0,
    1.0,
    1.0,
    1.0,
    1.0,
    1.0,
    1.0,
    1.0,
    1.0,
    1.0,
    1.0,
    1.0,
    1.0,
    1.0,
    1.0,
    1.0,
    1.0,
    1.0,
    1.0,
    1.0,
    1.0
  ]
}