{
  "epoch": [
    1,
    2,
    3,
    4,
    5,
    6,
    7,
    8,
    9,
    10,
    11,
    12,
    13,
    14,
    15,
    16,
    17,
    18,
    19,
    20,
    21,
    22,
    23,
    24,
    25,
    26,
    27,
    28,
    29,
    30
  ],
  "train_loss": [
    0.5533878342512769,
    0.2622396107726601,
    0.04052031169843235,
    0.019847831428025934,
    0.0007824083079844568,
    0.04855374965056733,
    0.05726980145222375,
    0.017553326702795635,
    0.008907778603387012,
    0.012755059769007818,
    0.0002087959524344538,
    0.0038684095608750757,
    0.023344069471020742,
    0.00011252104049289249,
    5.473937755005221e-05,
    4.180209848198469e-05,
    3.456385974888348e-05,
    2.954958572071556e-05,
    2.5788917249484843e-05,
    2.2864532246324552e-05,
    2.049440896983642e-05,
    1.8537652106763596e-05,
    1.6878090168850874e-05,
    1.546673631733714e-05,
    1.4243172028937733e-05,
    1.3166340902724387e-05,
    1.2220846501573393e-05,
    1.1384526808560372e-05,
    1.0627522710383844e-05,
    9.952400820670375e-06
  ],
  "train_acc": [
    0.7299412915851272,
    0.9158512720156555,
    0.9921722113502935,
    0.9921722113502935,
    1.0,
    0.9843444227005871,
    0.9863013698630136,
    0.9921722113502935,
    0.9960861056751468,
    0.9980430528375733,
    1.0,
    0.9980430528375733,
    0.9941291585127201,
    1.0,
    1.0,
    1.0,
    1.0,
    1.0,
    1.0,
    1.0,
    1.0,
    1.0,
    1.0,
    1.0,
    1.0,
    1.0,
    1.0,
    1.0,
    1.0,
    1.0
  ],
  "test_loss": [
    0.7097565126881752,
    1.271967575834324,
    1.7082035677421403,
    0.9134431405715351,
    3.984243025356379,
    0.619658102056003,
    1.86798696039185,
    2.3733246561702495,
    4.011246368947617,
    2.358294805500669,
    4.051648297712188,
    3.466845570182503,
    2.743997135562075,
    3.014842386997721,
    3.0006424314660056,
    3.058804486079323,
    3.133666008114415,
    3.200556628324866,
    3.250426139413113,
    3.2999111606787253,
    3.336036395087428,
    3.3736179428547346,
    3.407375154624692,
    3.438960128951132,
    3.4663692360119724,
    3.4950357993322965,
    3.5185097927479885,
    3.5438128806163647,
    3.5669053784144764,
    3.589608782075193
  ],
  "test_acc": [
    0.7031963470319634,
    0.6301369863013698,
    0.6894977168949772,
    0.8310502283105022,
    0.4657534246575342,
    0.863013698630137,
    0.5068493150684932,
    0.6529680365296804,
    0.4977168949771689,
    0.634703196347032,
    0.5159817351598174,
    0.5981735159817352,
    0.6301369863013698,
    0.6210045662100456,
    0.639269406392694,
    0.639269406392694,
    0.639269406392694,
    0.639269406392694,
    0.639269406392694,
    0.639269406392694,
    0.639269406392694,
    0.639269406392694,
    0.639269406392694,
    0.639269406392694,
    0.639269406392694,
    0.639269406392694,
    0.639269406392694,
    0.639269406392694,
    0.639269406392694,
    0.639269406392694
  ]
}